{
  "types": {
    "aliases": "aliases",
    "cssclasses": "multitext",
    "tags": "tags",
    "excalidraw-plugin": "text",
    "excalidraw-export-transparent": "checkbox",
    "excalidraw-mask": "checkbox",
    "excalidraw-export-dark": "checkbox",
    "excalidraw-export-padding": "number",
    "excalidraw-export-pngscale": "number",
    "excalidraw-link-prefix": "text",
    "excalidraw-url-prefix": "text",
    "excalidraw-link-brackets": "checkbox",
    "excalidraw-onload-script": "text",
    "excalidraw-linkbutton-opacity": "number",
    "excalidraw-default-mode": "text",
    "excalidraw-font": "text",
    "excalidraw-font-color": "text",
    "excalidraw-border-color": "text",
    "excalidraw-css": "text",
    "excalidraw-autoexport": "text",
    "excalidraw-iframe-theme": "text",
    "month": "text",
    "dateStart": "date",
    "dateEnd": "date",
    "objectives": "multitext",
    "memories": "multitext",
    "moods": "multitext",
    "review": "checkbox",
    "meditation": "checkbox",
    "start-date": "date",
    "end-date": "date",
    "excalidraw-export-embed-scene": "checkbox",
    "excalidraw-open-md": "checkbox",
    "excalidraw-embeddable-theme": "text",
    "read": "checkbox"
  }
}