{
  "main": {
    "id": "87770ba3bef3b93d",
    "type": "split",
    "children": [
      {
        "id": "eadae904441fa3f1",
        "type": "tabs",
        "children": [
          {
            "id": "030c32e1cd3e52dc",
            "type": "leaf",
            "state": {
              "type": "empty",
              "state": {},
              "icon": "lucide-file",
              "title": "新标签页"
            }
          }
        ]
      }
    ],
    "direction": "vertical"
  },
  "left": {
    "id": "b1344d5122038b68",
    "type": "split",
    "children": [
      {
        "id": "fc173fd86e1c81e5",
        "type": "tabs",
        "children": [
          {
            "id": "9c1e3592243a607e",
            "type": "leaf",
            "state": {
              "type": "file-explorer",
              "state": {
                "sortOrder": "alphabetical",
                "autoReveal": false
              },
              "icon": "lucide-folder-closed",
              "title": "文件列表"
            }
          },
          {
            "id": "f48f580c7be27874",
            "type": "leaf",
            "state": {
              "type": "search",
              "state": {
                "query": "",
                "matchingCase": false,
                "explainSearch": false,
                "collapseAll": false,
                "extraContext": false,
                "sortOrder": "alphabetical"
              },
              "icon": "lucide-search",
              "title": "Search"
            }
          },
          {
            "id": "24d994dd347b02fe",
            "type": "leaf",
            "state": {
              "type": "bookmarks",
              "state": {},
              "icon": "lucide-bookmark",
              "title": "Bookmarks"
            }
          }
        ]
      }
    ],
    "direction": "horizontal",
    "width": 534.5
  },
  "right": {
    "id": "767ba892362012e1",
    "type": "split",
    "children": [
      {
        "id": "288e836287b6d520",
        "type": "tabs",
        "children": [
          {
            "id": "a07beaf498cd3237",
            "type": "leaf",
            "state": {
              "type": "backlink",
              "state": {
                "file": "Template/Yearly & Seasonal Template.md",
                "collapseAll": false,
                "extraContext": false,
                "sortOrder": "alphabetical",
                "showSearch": false,
                "searchQuery": "",
                "backlinkCollapsed": false,
                "unlinkedCollapsed": true
              },
              "icon": "links-coming-in",
              "title": "Backlinks for Yearly & Seasonal Template"
            }
          },
          {
            "id": "d25160a9f3519788",
            "type": "leaf",
            "state": {
              "type": "outgoing-link",
              "state": {
                "file": "Template/Yearly & Seasonal Template.md",
                "linksCollapsed": false,
                "unlinkedCollapsed": true
              },
              "icon": "links-going-out",
              "title": "Outgoing links from Yearly & Seasonal Template"
            }
          },
          {
            "id": "6e1a88a77d96435a",
            "type": "leaf",
            "state": {
              "type": "tag",
              "state": {
                "sortOrder": "frequency",
                "useHierarchy": true
              },
              "icon": "lucide-tags",
              "title": "Tags"
            }
          },
          {
            "id": "da594cfb060bb141",
            "type": "leaf",
            "state": {
              "type": "outline",
              "state": {
                "followCursor": false,
                "showSearch": false,
                "searchQuery": ""
              },
              "icon": "lucide-list",
              "title": "大纲"
            }
          }
        ],
        "currentTab": 3
      }
    ],
    "direction": "horizontal",
    "width": 424.5
  },
  "left-ribbon": {
    "hiddenItems": {
      "switcher:打开快速切换": false,
      "graph:查看关系图谱": false,
      "canvas:新建白板": false,
      "daily-notes:打开/创建今天的日记": false,
      "templates:插入模板": false,
      "command-palette:打开命令面板": true,
      "audio-recorder:开始/结束录音": true,
      "periodic-notes:Open today": false,
      "templater-obsidian:Templater": true,
      "dbfolder:创建一个新数据库表": false,
      "obsidian-kanban:创建新看板": false,
      "obsidian-excalidraw-plugin:新建绘图文件": false,
      "obsidian-file-info-plugin:File Info Panel": true,
      "obsidian-projects:打开项目": false,
      "obsidian-spaced-repetition:复习卡片": false,
      "obsidian-day-planner:Open Timeline": true,
      "obsidian-day-planner:Open Multi-Day View": true,
      "workspaces:管理工作区布局": false
    }
  },
  "active": "9c1e3592243a607e",
  "lastOpenFiles": [
    "01.DailyNotes/2025-03-17.md",
    "Template/Yearly-Notes.md",
    "02.PeriodicNotes",
    "00.DailyNotes/未命名",
    "Template/Weekly-Notes.md",
    "Template/Quarterly-Notes.md",
    "Template/Monthly-Notes.md",
    "Template/Daily-Notes.md",
    "Template/References/WorkFlowTempates/Areas.md",
    "Template/References/WorkFlowTempates/Daily-Notes.md",
    "Template/References/WorkFlowTempates/Quarterly-Notes.md",
    "Template/References/WorkFlowTempates/Yearly-Notes.md",
    "Template 1/References/WorkFlowTempates/Yearly-Notes.md",
    "Template 1/References/WorkFlowTempates/Weekly-Notes.md",
    "Template 1/References/WorkFlowTempates/Untitled.md",
    "Template 1/References/WorkFlowTempates/Quarterly-Notes.md",
    "Template 1/References/WorkFlowTempates/Monthly-Notes.md",
    "Template 1/References/WorkFlowTempates/Filename-Template.md",
    "Template 1/References/WorkFlowTempates/Daily-Notes.md",
    "Template 1/References/WorkFlowTempates/Areas.md",
    "Template 1/References/ZhuOKR/yearly review.md",
    "Template 1/References/ZhuOKR/yearly OKRs.md",
    "Template 1/References/ZhuOKR/yearly objective.md",
    "Template 1/References/ZhuOKR/Monthly.md",
    "Template 1/References/ZhuOKR/Weekly.md",
    "Template 1/References/ZhuOKR/Meeting.md",
    "Template 1/References/ZhuOKR/Daily.md",
    "Template 1/References/Notes/README_en.md",
    "Template 1/References/WorkFlowTempates",
    "Template 1/References/ZhuOKR",
    "Template 1/References/Notes",
    "Template 1/References/BUJO",
    "Template 1/References",
    "Template 1",
    "Template/References/ZhuOKR",
    "Template/References/WorkFlowTempates",
    "5.Yearly Log/imgs/winter.jpg",
    "5.Yearly Log/imgs/spring.jpg",
    "5.Yearly Log/imgs/summer.jpg",
    "5.Yearly Log/imgs/fall.jpg",
    "Notes/JS/nextJS/para_routes.png",
    "img_pool/robustness_diagram.png",
    "Projects/Lily/lily_classes.jpeg",
    "Notes/JS/nextJS/nestjs_para_routes.png",
    "Notes/Memory Training/image_pool/gym.jpg",
    "Notes/Memory Training/image_pool/toilet.jpg"
  ]
}