{
  "templater-obsidian:create-new-note-from-template": [
    {
      "modifiers": [
        "Alt",
        "Shift"
      ],
      "key": "N"
    }
  ],
  "templater-obsidian:template/people-bridge.md": [
    {
      "modifiers": [
        "Alt"
      ],
      "key": "1"
    }
  ],
  "templater-obsidian:template/People-bridge.md": [
    {
      "modifiers": [
        "Alt"
      ],
      "key": "1"
    }
  ],
  "app:toggle-left-sidebar": [
    {
      "modifiers": [
        "Mod",
        "Shift"
      ],
      "key": "ArrowLeft"
    }
  ],
  "app:toggle-right-sidebar": [
    {
      "modifiers": [
        "Mod",
        "Shift"
      ],
      "key": "ArrowRight"
    }
  ],
  "editor:toggle-source": [
    {
      "modifiers": [
        "Alt",
        "Mod"
      ],
      "key": "S"
    }
  ],
  "quickadd:choice:7c15f67a-b3da-48ef-8398-7f9927d59925": [
    {
      "modifiers": [
        "Ctrl",
        "Mod"
      ],
      "key": "O"
    }
  ],
  "quickadd:choice:9d7c0194-fedd-4cc7-a1a4-dc8e4d2d4cf3": [
    {
      "modifiers": [
        "Ctrl",
        "Mod"
      ],
      "key": "M"
    }
  ],
  "quickadd:choice:de54bbe3-8154-4a79-83e4-cc27cf0afa6c": [
    {
      "modifiers": [
        "Ctrl",
        "Mod"
      ],
      "key": "Y"
    }
  ],
  "quickadd:choice:2ce27812-efcc-479e-96e4-1dc7289c17c0": [
    {
      "modifiers": [
        "Ctrl",
        "Mod"
      ],
      "key": "R"
    }
  ],
  "editor:insert-wikilink": [
    {
      "modifiers": [
        "Mod",
        "Shift"
      ],
      "key": "K"
    }
  ]
}