{
  "main": {
    "id": "b38bbaba3a8c6b11",
    "type": "split",
    "children": [
      {
        "id": "b7310469019efcee",
        "type": "tabs",
        "children": [
          {
            "id": "bc2a08540c9a9034",
            "type": "leaf",
            "state": {
              "type": "markdown",
              "state": {
                "file": "Template/Daily.md",
                "mode": "source",
                "backlinks": false,
                "source": false
              }
            }
          }
        ]
      }
    ],
    "direction": "vertical"
  },
  "left": {
    "id": "715334fef8918eaf",
    "type": "split",
    "children": [
      {
        "id": "c6a17ce87ebd49c2",
        "type": "tabs",
        "children": [
          {
            "id": "0aeba83d7103a96f",
            "type": "leaf",
            "state": {
              "type": "file-explorer",
              "state": {
                "sortOrder": "alphabetical"
              }
            }
          },
          {
            "id": "f59f59dde4448bb6",
            "type": "leaf",
            "state": {
              "type": "search",
              "state": {
                "query": "dataview",
                "matchingCase": false,
                "explainSearch": false,
                "collapseAll": false,
                "extraContext": false,
                "sortOrder": "alphabetical"
              }
            }
          },
          {
            "id": "0789ba155bdb3784",
            "type": "leaf",
            "state": {
              "type": "bookmarks",
              "state": {}
            }
          }
        ]
      }
    ],
    "direction": "horizontal",
    "width": 300
  },
  "right": {
    "id": "1112ad2127cdb835",
    "type": "split",
    "children": [
      {
        "id": "e0e1a1f792309e40",
        "type": "tabs",
        "dimension": 31.047265987025025,
        "children": [
          {
            "id": "64177523bf36656b",
            "type": "leaf",
            "state": {
              "type": "calendar",
              "state": {}
            }
          }
        ]
      },
      {
        "id": "861d6866cd3fbd93",
        "type": "tabs",
        "dimension": 36.700648748841516,
        "children": [
          {
            "id": "4c6bfd46e54235e5",
            "type": "leaf",
            "state": {
              "type": "backlink",
              "state": {
                "file": "Template/Daily.md",
                "collapseAll": false,
                "extraContext": false,
                "sortOrder": "alphabetical",
                "showSearch": false,
                "searchQuery": "",
                "backlinkCollapsed": false,
                "unlinkedCollapsed": true
              }
            }
          },
          {
            "id": "a8948fbd7a77f88c",
            "type": "leaf",
            "state": {
              "type": "outgoing-link",
              "state": {
                "file": "Template/Daily.md",
                "linksCollapsed": false,
                "unlinkedCollapsed": true
              }
            }
          },
          {
            "id": "ba70a9c5d16c72a2",
            "type": "leaf",
            "state": {
              "type": "tag",
              "state": {
                "sortOrder": "frequency",
                "useHierarchy": true
              }
            }
          },
          {
            "id": "cf8c8c7284ef6871",
            "type": "leaf",
            "state": {
              "type": "outline",
              "state": {
                "file": "Template/Daily.md"
              }
            }
          },
          {
            "id": "d2fa8f970fedd7ad",
            "type": "leaf",
            "state": {
              "type": "all-properties",
              "state": {
                "sortOrder": "frequency"
              }
            }
          },
          {
            "id": "6d5d7094b5cde0e1",
            "type": "leaf",
            "state": {
              "type": "file-properties",
              "state": {
                "file": "Template/Daily.md"
              }
            }
          }
        ],
        "currentTab": 3
      },
      {
        "id": "cc5dc209a862f1b5",
        "type": "tabs",
        "dimension": 32.252085264133456,
        "children": [
          {
            "id": "2215cf1906cfd4d5",
            "type": "leaf",
            "state": {
              "type": "localgraph",
              "state": {
                "file": "Template/Daily.md",
                "options": {
                  "collapse-filter": false,
                  "search": "",
                  "localJumps": 2,
                  "localBacklinks": true,
                  "localForelinks": true,
                  "localInterlinks": false,
                  "showTags": false,
                  "showAttachments": false,
                  "hideUnresolved": false,
                  "collapse-color-groups": true,
                  "colorGroups": [],
                  "collapse-display": true,
                  "showArrow": false,
                  "textFadeMultiplier": 0,
                  "nodeSizeMultiplier": 1,
                  "lineSizeMultiplier": 1,
                  "collapse-forces": true,
                  "centerStrength": 0.518713248970312,
                  "repelStrength": 10,
                  "linkStrength": 1,
                  "linkDistance": 250,
                  "scale": 0.0078125,
                  "close": true
                }
              }
            }
          }
        ]
      }
    ],
    "direction": "horizontal",
    "width": 300,
    "collapsed": true
  },
  "left-ribbon": {
    "hiddenItems": {
      "switcher:Open quick switcher": false,
      "graph:Open graph view": false,
      "canvas:Create new canvas": false,
      "daily-notes:Open today's daily note": false,
      "templates:Insert template": false,
      "command-palette:Open command palette": false,
      "templater-obsidian:Templater": false
    }
  },
  "active": "bc2a08540c9a9034",
  "lastOpenFiles": [
    "004_Daily/2023-12-07.md",
    "README！.md",
    "000_Core Principles/My Core Principles.md",
    "000_Core Principles",
    "005_Yearly Review/Yearly Review 2023 1.md",
    "005_Yearly Review/Yearly Review 2023 .md",
    "Template/Daily.md",
    "49.md",
    "003_Weekly Review/Weekly Review 2023-49.md",
    "OKR/Weekly Review 2023-49.md",
    "OKR",
    "002_Monthly Review/Monthly Review 2023-Dec.md",
    "Dec.md",
    "001_Yearly OKRs/2024 - 轻松自如地使用法语.md",
    "轻松自如地使用法语.md",
    "001_Yearly OKRs/Yearly OKRs 2024.md",
    "001_Yearly OKRs/2024 - 轻松自如地使用法语1.md",
    "001_Yearly OKRs/Yearly OKRs 2025.md",
    "005_Yearly Review/review of 2023.md",
    "005_Yearly Review",
    "inbox/Review.md",
    "001_Yearly OKRs",
    "003_Weekly Review",
    "002_Monthly Review",
    "004_Daily/2023-12-06.md",
    "002_Monthly Review/Monthly Review 2023-Nov.md",
    "001_Yearly OKRs/2023 - Objective 1.md",
    "OKR/Monthly Review 2023-Dec1.md",
    "Template/yearly objective.md",
    "meeting/Meeting 001 - Project A.md",
    "project/Project A.md",
    "003_Weekly Review",
    "canvas/mindmap_canvas.canvas",
    "canvas/obsidian_canvas_demo.canvas",
    "canvas/Demo.canvas",
    "attachments/cover_obsidian_dataview.jpg",
    "attachments/cover_obsidian_canvas.jpg",
    "canvas/project management(kanban).canvas",
    "inbox",
    "attachments/YouTube封面.jpg",
    "video",
    "attachments",
    "metadata/未命名.canvas"
  ]
}